Country,Day of First Case,ID
Algeria,2/25/2020,DZA
Angola,3/20/2020,AGO
Benin,3/16/2020,BEN
Botswana,3/30/2020,BWA
Burkina Faso,3/10/2020,BFA
Burundi,3/31/2020,BDI
Cameroon,3/6/2020,CMR
Cape (Cabo) Verde,3/20/2020,CPV
Central African Republic,3/15/2020,CAF
Chad,3/19/2020,TCD
Comoros,4/30/2020,COM
Congo,3/15/2020,COG
Cote d'Ivoire,3/11/2020,CIV
Djibouti,3/18/2020,DJI
DRC,3/11/2020,COD
Egypt,2/14/2020,EGY
Equatorial Guinea,3/15/2020,GNQ
Eritrea,3/21/2020,ERI
Eswatini,3/14/2020,SWZ
Ethiopia,3/13/2020,ETH
Gabon,3/14/2020,GAB
Gambia,3/17/2020,GMB
Ghana,3/14/2020,GHA
Guinea,3/13/2020,GIN
GuineaBissau,3/25/2020,GNB
Kenya,3/13/2020,KEN
Lesotho,5/13/2020,LSO
Liberia,3/16/2020,LBR
Libya,3/24/2020,LBY
Madagascar,3/20/2020,MDG
Malawi,4/2/2020,MWI
Mali,3/25/2020,MLI
Mauritania,3/14/2020,MRT
Mauritius,3/18/2020,MUS
Morocco,3/2/2020,MAR
Mozambique,3/22/2020,MOZ
Namibia,3/14/2020,NAM
Niger,3/20/2020,NER
Nigeria,2/28/2020,NGA
Rwanda,3/14/2020,RWA
Sao Tome and Principe,4/6/2020,STP
Senegal,3/16/2020,SEN
Seychelles,3/14/2020,SYC
Sierra Leone,3/31/2020,SLE
Somalia,3/16/2020,SOM
South Africa,3/5/2020,ZAF
South Sudan,4/5/2020,SSD
Sudan,3/14/2020,SDN
Tanzania,3/16/2020,TZA
Togo,3/6/2020,TGO
Tunisia,3/4/2020,TUN
Uganda,3/21/2020,UGA
Zambia,3/18/2020,ZMB
Zimbabwe,3/20/2020,ZWE
